<?xml version="1.0" encoding="UTF-8"?>
<overrides>
	<!-- Disable context menu -->
	<contextmenu />

	<!-- Don't share additional submenu levels -->
	<doNotShareLevels />

	<!-- Save any shortcut with a widgetPath property -->
	<saveWithProperty>widgetPath</saveWithProperty>

	<!-- Check for settings window shortcut -->
	<checkforshortcut property="HasSettingsLink">ActivateWindow(Settings)</checkforshortcut>

	<!-- Additional widgets -->
	<!-- <widget label="Skin helper widgets" type="32010">||BROWSE||script.skin.helper.service/?action=widgets&amp;path=scriptwidgets</widget> -->
	<widget label="$LOCALIZE[10508]" type="custom" path="$INCLUDE[weather-widget]">WeatherWidget</widget>
	<widget label="$LOCALIZE[31091]" type="custom" path="$INCLUDE[osmc-widget]">OSMCWidget</widget>
	<widget label="$LOCALIZE[35049]" type="custom" path="addons://sources/game/">GameWidget</widget>

	<!-- Default properties -->
	<widgetdefault labelID="widget" group="weather.1">WeatherWidget</widgetdefault>
	<widgetdefault labelID="widget" group="31091.1">OSMCWidget</widgetdefault>
	<widgetdefault labelID="widget" group="15016.1">GameWidget</widgetdefault>

	<widgetdefaultnode labelID="widget" group="movies.1" label="$LOCALIZE[31054]" type="movies" path="special://skin/extras/playlists/random_movies.xsp" target="videos">playlist</widgetdefaultnode>
	<propertydefault labelID="widget" group="movies.1" property="widgetArt">Art(poster)</propertydefault>

	<widgetdefaultnode labelID="widget" group="tvshows.1" label="$LOCALIZE[20387]" type="epsiodes" path="videodb://recentlyaddedepisodes" target="video">library</widgetdefaultnode>
	<propertydefault labelID="widget" group="tvshows.1" property="widgetArt">Art(season.poster)</propertydefault>
	<propertydefault labelID="widget" group="tvshows.1" property="widgetFallbackArt">Art(tvshow.poster)</propertydefault>

	<widgetdefaultnode labelID="widget" group="14204.1" label="$LOCALIZE[19217]" type="pvr" path="pvr://channels/tv/*/" target="video">pvr</widgetdefaultnode>

	<widgetdefaultnode labelID="widget" group="19021.1" label="$LOCALIZE[19216]" type="pvr" path="pvr://channels/radio/*/" target="video">pvr</widgetdefaultnode>

	<widgetdefaultnode labelID="widget" group="music.1" label="$LOCALIZE[31056]" type="albums" path="special://skin/extras/playlists/random_albums.xsp" target="music">playlist</widgetdefaultnode>

	<widgetdefaultnode labelID="widget" group="programs.1" label="$LOCALIZE[10001]" type="program" path="addons://sources/executable" target="programs">addon</widgetdefaultnode>
	
	<!-- Size -->
	<propertySettings property="layout" buttonID="601" showNone="False" title="Layout" requires="widgetPath" />
	<propertyfallback property="layout">tall</propertyfallback>
	<!--property property="layout" label="Square">square</property-->
	<property property="layout" label="Tall">tall</property>
	<property property="layout" label="Wide">wide</property>

	<!-- Artwork -->
	<propertySettings property="widgetArt" buttonID="602" templateonly="True" showNone="False" title="Artwork" />
	<propertyfallback property="widgetArt">Icon</propertyfallback>
	<property property="widgetArt" label="Icon">Icon</property>
	<property property="widgetArt" condition="!String.IsEmpty(Container(8000).ListItem.Art(poster)) | !String.IsEmpty(Container(8000).ListItem(2).Art(poster))" label="Poster">Art(poster)</property>
	<property property="widgetArt" condition="!String.IsEmpty(Container(8000).ListItem.Art(tvshow.poster)) | !String.IsEmpty(Container(8000).ListItem(2).Art(tvshow.poster))" label="TV Show Poster">Art(tvshow.poster)</property>
	<property property="widgetArt" condition="!String.IsEmpty(Container(8000).ListItem.Art(season.poster)) | !String.IsEmpty(Container(8000).ListItem(2).Art(season.poster))" label="Season Poster">Art(season.poster)</property>
	<property property="widgetArt" condition="!String.IsEmpty(Container(8000).ListItem.Art(fanart)) | !String.IsEmpty(Container(8000).ListItem(2).Art(fanart))" label="Fanart">Art(fanart)</property>
	<property property="widgetArt" condition="!String.IsEmpty(Container(8000).ListItem.Art(season.fanart)) | !String.IsEmpty(Container(8000).ListItem(2).Art(season.fanart))" label="Season Fanart">Art(season.fanart)</property>
	<property property="widgetArt" condition="!String.IsEmpty(Container(8000).ListItem.Art(banner)) | !String.IsEmpty(Container(8000).ListItem(2).Art(banner))" label="Banner">Art(banner)</property>
	<property property="widgetArt" condition="!String.IsEmpty(Container(8000).ListItem.Art(tvshow.banner)) | !String.IsEmpty(Container(8000).ListItem(2).Art(tvshow.banner))" label="TV Show Banner">Art(tvshow.banner)</property>
	<property property="widgetArt" condition="!String.IsEmpty(Container(8000).ListItem.Art(season.banner)) | !String.IsEmpty(Container(8000).ListItem(2).Art(season.banner))" label="Season Banner">Art(season.banner)</property>
	<property property="widgetArt" condition="!String.IsEmpty(Container(8000).ListItem.Art(clearlogo)) | !String.IsEmpty(Container(8000).ListItem(2).Art(clearlogo))" label="Clear Logo">Art(clearlogo)</property>
	<property property="widgetArt" condition="!String.IsEmpty(Container(8000).ListItem.Art(tvshow.clearlogo)) | !String.IsEmpty(Container(8000).ListItem(2).Art(tvshow.clearlogo))" label="TV Show Clear Logo">Art(tvshow.clearlogo)</property>
	<property property="widgetArt" condition="!String.IsEmpty(Container(8000).ListItem.Art(clearart)) | !String.IsEmpty(Container(8000).ListItem(2).Art(clearart))" label="Clear Art">Art(clearart)</property>
	<property property="widgetArt" condition="!String.IsEmpty(Container(8000).ListItem.Art(tvshow.clearart)) | !String.IsEmpty(Container(8000).ListItem(2).Art(tvshow.clearart))" label="TV Show Clear Art">Art(tvshow.clearart)</property>
	<property property="widgetArt" condition="!String.IsEmpty(Container(8000).ListItem.Art(characterart)) | !String.IsEmpty(Container(8000).ListItem(2).Art(pcharacterartoster))" label="Character Art">Art(characterart)</property>
	<property property="widgetArt" condition="!String.IsEmpty(Container(8000).ListItem.Art(tvshow.characterart)) | !String.IsEmpty(Container(8000).ListItem(2).Art(tvshow.characterart))" label="TV Show Character Art">Art(tvshow.characterart)</property>
	<property property="widgetArt" condition="!String.IsEmpty(Container(8000).ListItem.Art(landscape)) | !String.IsEmpty(Container(8000).ListItem(2).Art(landscape))" label="Landscape">Art(landscape)</property>
	<property property="widgetArt" condition="!String.IsEmpty(Container(8000).ListItem.Art(tvshow.landscape)) | !String.IsEmpty(Container(8000).ListItem(2).Art(tvshow.landscape))" label="TV Show Landscape">Art(tvshow.landscape)</property>
	<property property="widgetArt" condition="[!String.IsEmpty(Container(8000).ListItem.Art(fanart)) | !String.IsEmpty(Container(8000).ListItem(2).Art(fanart))] + [!String.IsEmpty(Container(8000).ListItem.Art(clearlogo)) | !String.IsEmpty(Container(8000).ListItem(2).Art(clearlogo))]" label="Fake Landscape">FAKELANDSCAPE</property>
	<property property="widgetArt" condition="[!String.IsEmpty(Container(8000).ListItem.Art(fanart)) | !String.IsEmpty(Container(8000).ListItem(2).Art(fanart))] + [!String.IsEmpty(Container(8000).ListItem.Art(tvshow.clearlogo)) | !String.IsEmpty(Container(8000).ListItem(2).Art(tvshow.clearlogo))]" label="Fake TV Show Landscape">FAKETVLANDSCAPE</property>

	<!-- Fallback Artwork -->
	<propertySettings property="widgetFallbackArt" buttonID="603" templateonly="True" showNone="False" title="Fallback Artwork" />
	<propertyfallback property="widgetFallbackArt">Icon</propertyfallback>
	<property property="widgetFallbackArt" label="Icon">Icon</property>
	<property property="widgetFallbackArt" condition="!String.IsEmpty(Container(8000).ListItem.Art(poster)) | !String.IsEmpty(Container(8000).ListItem(2).Art(poster))" label="Poster">Art(poster)</property>
	<property property="widgetFallbackArt" condition="!String.IsEmpty(Container(8000).ListItem.Art(tvshow.poster)) | !String.IsEmpty(Container(8000).ListItem(2).Art(tvshow.poster))" label="TV Show Poster">Art(tvshow.poster)</property>
	<property property="widgetFallbackArt" condition="!String.IsEmpty(Container(8000).ListItem.Art(season.poster)) | !String.IsEmpty(Container(8000).ListItem(2).Art(season.poster))" label="Season Poster">Art(season.poster)</property>
	<property property="widgetFallbackArt" condition="!String.IsEmpty(Container(8000).ListItem.Art(fanart)) | !String.IsEmpty(Container(8000).ListItem(2).Art(fanart))" label="Fanart">Art(fanart)</property>
	<property property="widgetFallbackArt" condition="!String.IsEmpty(Container(8000).ListItem.Art(season.fanart)) | !String.IsEmpty(Container(8000).ListItem(2).Art(season.fanart))" label="Season Fanart">Art(season.fanart)</property>
	<property property="widgetFallbackArt" condition="!String.IsEmpty(Container(8000).ListItem.Art(banner)) | !String.IsEmpty(Container(8000).ListItem(2).Art(banner))" label="Banner">Art(banner)</property>
	<property property="widgetFallbackArt" condition="!String.IsEmpty(Container(8000).ListItem.Art(tvshow.banner)) | !String.IsEmpty(Container(8000).ListItem(2).Art(tvshow.banner))" label="TV Show Banner">Art(tvshow.banner)</property>
	<property property="widgetFallbackArt" condition="!String.IsEmpty(Container(8000).ListItem.Art(season.banner)) | !String.IsEmpty(Container(8000).ListItem(2).Art(season.banner))" label="Season Banner">Art(season.banner)</property>
	<property property="widgetFallbackArt" condition="!String.IsEmpty(Container(8000).ListItem.Art(clearlogo)) | !String.IsEmpty(Container(8000).ListItem(2).Art(clearlogo))" label="Clear Logo">Art(clearlogo)</property>
	<property property="widgetFallbackArt" condition="!String.IsEmpty(Container(8000).ListItem.Art(tvshow.clearlogo)) | !String.IsEmpty(Container(8000).ListItem(2).Art(tvshow.clearlogo))" label="TV Show Clear Logo">Art(tvshow.clearlogo)</property>
	<property property="widgetFallbackArt" condition="!String.IsEmpty(Container(8000).ListItem.Art(clearart)) | !String.IsEmpty(Container(8000).ListItem(2).Art(clearart))" label="Clear Art">Art(clearart)</property>
	<property property="widgetFallbackArt" condition="!String.IsEmpty(Container(8000).ListItem.Art(tvshow.clearart)) | !String.IsEmpty(Container(8000).ListItem(2).Art(tvshow.clearart))" label="TV Show Clear Art">Art(tvshow.clearart)</property>
	<property property="widgetFallbackArt" condition="!String.IsEmpty(Container(8000).ListItem.Art(characterart)) | !String.IsEmpty(Container(8000).ListItem(2).Art(pcharacterartoster))" label="Character Art">Art(characterart)</property>
	<property property="widgetFallbackArt" condition="!String.IsEmpty(Container(8000).ListItem.Art(tvshow.characterart)) | !String.IsEmpty(Container(8000).ListItem(2).Art(tvshow.characterart))" label="TV Show Character Art">Art(tvshow.characterart)</property>
	<property property="widgetFallbackArt" condition="!String.IsEmpty(Container(8000).ListItem.Art(landscape)) | !String.IsEmpty(Container(8000).ListItem(2).Art(landscape))" label="Landscape">Art(landscape)</property>
	<property property="widgetFallbackArt" condition="!String.IsEmpty(Container(8000).ListItem.Art(tvshow.landscape)) | !String.IsEmpty(Container(8000).ListItem(2).Art(tvshow.landscape))" label="TV Show Landscape">Art(tvshow.landscape)</property>
	<property property="widgetFallbackArt" condition="[!String.IsEmpty(Container(8000).ListItem.Art(fanart)) | !String.IsEmpty(Container(8000).ListItem(2).Art(fanart))] + [!String.IsEmpty(Container(8000).ListItem.Art(clearlogo)) | !String.IsEmpty(Container(8000).ListItem(2).Art(clearlogo))]" label="Fake Landscape">FAKELANDSCAPE</property>
	<property property="widgetFallbackArt" condition="[!String.IsEmpty(Container(8000).ListItem.Art(fanart)) | !String.IsEmpty(Container(8000).ListItem(2).Art(fanart))] + [!String.IsEmpty(Container(8000).ListItem.Art(tvshow.clearlogo)) | !String.IsEmpty(Container(8000).ListItem(2).Art(tvshow.clearlogo))]" label="Fake TV Show Landscape">FAKETVLANDSCAPE</property>

</overrides>