<?xml version="1.0" encoding="UTF-8"?>
<window>
	<!-- pvrguidesearch -->
	<defaultcontrol always="true">9</defaultcontrol>

	<controls>
		<!-- Window Background -->
		<include>WindowFadeBackgroundImage</include>

		<control type="group">

			<!-- Animation -->
			<include>DialogZoomAnimation</include>

			<!-- Heading -->
			<include content="Time">
				<param name="heading">$LOCALIZE[19142]</param>
			</include>

			<!-- Search -->
			<control type="edit" id="9">
				<left>150</left>
				<top>220</top>
				<width>1620</width>
				<height>66</height>
				<textoffsetx>20</textoffsetx>
				<textwidth>1580</textwidth>
				<onup>noop</onup>
				<ondown>9001</ondown>
				<onleft>noop</onleft>
				<onright>noop</onright>
				<texturefocus colordiffuse="$VAR[TextColor1]" border="2">common/Border.png</texturefocus>
				<texturenofocus colordiffuse="$VAR[TextColor2]" border="2">common/Border.png</texturenofocus>
			</control>

			<!-- Search help -->
			<control type="label">
				<left>150</left>
				<top>290</top>
				<width>1620</width>
				<font>Font27</font>
				<label>$LOCALIZE[19001] $LOCALIZE[19002]</label>
			</control>

			<!-- Left group -->
			<control type="grouplist" id="9001">
				<left>150</left>
				<top>350</top>
				<width>800</width>
				<height>528</height>
				<onleft>noop</onleft>
				<onright>noop</onright>
				<onup>9</onup>
				<ondown>9000</ondown>
				<itemgap>0</itemgap>
				<orientation>vertical</orientation>

				<!-- Include Description -->
				<control type="radiobutton" id="10">
					<width>800</width>
					<onright>12</onright>
					<label>19134</label>
				</control>

				<!-- Case Sensitive -->
				<control type="radiobutton" id="11">
					<width>800</width>
					<onright>13</onright>
					<label>19135</label>
				</control>

				<!-- Start Date -->
				<control type="edit" id="14">
					<width>800</width>
					<onright>16</onright>
					<texturenofocus></texturenofocus>
					<label>19128</label>
				</control>

				<!-- Stop Date -->
				<control type="edit" id="15">
					<width>800</width>
					<onright>17</onright>
					<texturenofocus></texturenofocus>
					<label>19129</label>
				</control>

				<!-- Genre -->
				<control type="spincontrolex" id="18">
					<width>800</width>
					<onright>19</onright>
					<label>515</label>
				</control>

				<!-- Include unknown Genres -->
				<control type="radiobutton" id="20">
					<width>800</width>
					<onright>21</onright>
					<label>19132</label>
				</control>

				<!-- FTA only -->
				<control type="radiobutton" id="22">
					<width>800</width>
					<onright>23</onright>
					<label>19123</label>
				</control>

				<!-- Ignore Timers -->
				<control type="radiobutton" id="24">
					<width>800</width>
					<onright>27</onright>
					<label>19124</label>
				</control>
			</control>

			<!-- Right group -->
			<control type="grouplist" id="9002">
				<left>970</left>
				<top>350</top>
				<width>800</width>
				<height>528</height>
				<onleft>noop</onleft>
				<onright>noop</onright>
				<onup>9</onup>
				<ondown>9000</ondown>
				<itemgap>0</itemgap>
				<orientation>vertical</orientation>

				<!-- Min Duration -->
				<control type="spincontrolex" id="12">
					<width>800</width>
					<onleft>10</onleft>
					<label>19130</label>
				</control>

				<!-- Max Duration -->
				<control type="spincontrolex" id="13">
					<width>800</width>
					<onleft>11</onleft>
					<label>19131</label>
				</control>

				<!-- Start time -->
				<control type="edit" id="16">
					<width>800</width>
					<onleft>14</onleft>
					<texturenofocus></texturenofocus>
					<label>19126</label>
				</control>

				<!-- Stop time -->
				<control type="edit" id="17">
					<width>800</width>
					<onleft>15</onleft>
					<texturenofocus></texturenofocus>
					<label>19127</label>
				</control>

				<!-- Avoid repeats -->
				<control type="radiobutton" id="19">
					<width>800</width>
					<onleft>18</onleft>
					<label>19121</label>
				</control>

				<!-- Groups -->
				<control type="spincontrolex" id="21">
					<width>800</width>
					<onleft>20</onleft>
					<label>19141</label>
				</control>

				<!-- Channels -->
				<control type="spincontrolex" id="23">
					<width>800</width>
					<onleft>22</onleft>
					<label>19148</label>
				</control>

				<!-- Ignore Recordings -->
				<control type="radiobutton" id="27">
					<width>800</width>
					<onleft>24</onleft>
					<label>19125</label>
				</control>

			</control>

			<!-- Button grouplist background -->
			<include content="dialogButtonBackground">
				<param name="id">9000</param>
			</include>

			<!-- Button grouplist -->
			<control type="grouplist" id="9000">
				<left>120</left>
				<bottom>100</bottom>
				<width>1680</width>
				<height>66</height>
				<orientation>horizontal</orientation>
				<align>center</align>
				<itemgap>30</itemgap>
				<onup>9001</onup>

				<!-- Search Button -->
				<control type="button" id="26">
					<width>auto</width>
					<label>137</label>
				</control>

				<!-- Cancel Button -->
				<control type="button" id="25">
					<width>auto</width>
					<label>222</label>
				</control>

				<!-- Defaults Button -->
				<control type="button" id="28">
					<width>auto</width>
					<label>13007</label>
				</control>

			</control>

		</control>

	</controls>

</window>