<?xml version="1.0" encoding="UTF-8"?>
<window>
	<!-- profilesettings -->
	<defaultcontrol always="true">5</defaultcontrol>
	<controls>
		<!-- Window Background -->
		<include>WindowFadeBackgroundImage</include>

		<control type="group">

			<!-- Animation -->
			<include>DialogZoomAnimation</include>

			<!-- Heading -->
			<include content="Time">
				<param name="heading">$INFO[Control.GetLabel(2)]</param>
			</include>

			<!-- Game Controller -->
            <control type="gamecontroller" id="31">
				<left>150</left>
				<top>322</top>
				<width>405</width>
				<height>300</height>
            </control>

			<!-- Controllers Grouplist -->
			<control type="grouplist" id="3">
				<left>600</left>
				<top>200</top>
				<width>550</width>
				<height>654</height>
				<itemgap>0</itemgap>
				<onleft>9001</onleft>
				<onright>5</onright>
				<onup>noop</onup>
				<ondown>9001</ondown>
				<orientation>vertical</orientation>
				<scrolltime tween="sine" easing="out">240</scrolltime>
			</control>

			<!-- Controller Buttons Grouplist -->
			<control type="grouplist" id="5">
				<left>1200</left>
				<top>200</top>
				<width>550</width>
				<height>654</height>
				<itemgap>0</itemgap>
				<onleft>3</onleft>
				<onright>9001</onright>
				<onup>noop</onup>
				<ondown>9001</ondown>
				<orientation>vertical</orientation>
				<scrolltime tween="sine" easing="out">240</scrolltime>
			</control>

			<!-- Default label -->
			<control type="label" id="14">
				<width>550</width>
				<height>66</height>
				<font>Font33</font>
				<align>center</align>
				<label></label>
				<textcolor>$VAR[TextColor1]</textcolor>
			</control>

			<!-- Settings category heading label -->
			<control type="label" id="8">
				<width>550</width>
				<height>42</height>
				<font>Font33</font>
				<align>center</align>
				<label></label>
				<textcolor>$VAR[TextColor2]</textcolor>
			</control>

			<!-- Default button -->
			<control type="button" id="7">
				<width>550</width>
				<height>66</height>
			</control>
			<control type="button" id="10">
				<width>550</width>
				<height>66</height>
			</control>

			<!-- Default image -->
			<control type="image" id="9">
				<width>1200</width>
				<height>66</height>
				<texture border="2" colordiffuse="$VAR[DialogColor2]">common/Divider.png</texture>
			</control>

			
			<!-- Button grouplist background -->
			<include content="dialogButtonBackground">
				<param name="id">9001</param>
			</include>

			<!-- Buttons -->
			<control type="grouplist" id="9001">
				<left>120</left>
				<bottom>100</bottom>
				<width>1680</width>
				<height>66</height>
				<orientation>horizontal</orientation>
				<align>center</align>
				<itemgap>30</itemgap>
				<onup>3</onup>
				<defaultcontrol>28</defaultcontrol>

				<!-- Help Button -->
				<control type="button" id="17">
					<width>Auto</width>
					<label>$LOCALIZE[10043]</label>
				</control>

				<!-- OK Button -->
				<control type="button" id="18">
					<width>Auto</width>
					<label>$LOCALIZE[186]</label>
				</control>

				<!-- Reset Button -->
				<control type="button" id="19">
					<width>Auto</width>
					<label>$LOCALIZE[13007]</label>
				</control>

				<!-- Get More Button -->
				<control type="button" id="20">
					<width>Auto</width>
					<label>$LOCALIZE[21452]</label>
				</control>

			</control>

			<!-- Heading -->
			<control type="label" id="2">
				<left>-10000</left>
				<top>-10000</top>
				<width>1620</width>
				<height>72</height>
				<font>Font72</font>
				<textcolor>$VAR[TextColor1]</textcolor>
				<label>35050</label>
			</control>
		</control>

	</controls>

</window>