<?xml version="1.0" encoding="UTF-8"?>
<window>
	<!-- pointer -->
	<defaultcontrol></defaultcontrol>

	<controls>

		<!-- Pointer -->
		<control type="image" id="1">
			<width>32</width>
			<height>32</height>
			<texture>mouse.png</texture>
		</control>

		<!-- Pointer focus -->
		<control type="image" id="2">
			<width>32</width>
			<height>32</height>
			<texture>mouse.png</texture>
		</control>

		<!-- Pointer drag -->
		<control type="image" id="3">
			<width>32</width>
			<height>32</height>
			<texture>MouseDrag.png</texture>
		</control>

		<!-- Pointer click -->
		<control type="image" id="4">
			<width>32</width>
			<height>32</height>
			<texture>MouseClick.png</texture>
		</control>

	</controls>

</window>