<?xml version="1.0" encoding="UTF-8"?>
<window>
	<!-- systeminfo -->
	<backgroundcolor>0x00000000</backgroundcolor>
	<defaultcontrol always="true">95</defaultcontrol>

	<controls>

		<!-- Background -->
		<include>WindowBackgroundImage</include>

		<!-- Time -->
		<include>Time</include>

		<!-- Main list -->
		<control type="grouplist" id="50">
			<left>120</left>
			<top>228</top>
			<width>300</width>
			<height>660</height>
			<itemgap>10</itemgap>
			<onleft>3001</onleft>
			<onright>noop</onright>
			<orientation>vertical</orientation>

			<!-- Summary -->
			<control type="button" id="95">
				<width>300</width>
				<height>66</height>
				<font>Font33</font>
				<label>20037</label>
				<textcolor>$VAR[TextColor2]</textcolor>
				<focusedcolor>$VAR[TextColor1]</focusedcolor>
				<disabledcolor>$VAR[TextColor4]</disabledcolor>
			</control>
			<!-- Storage -->
			<control type="togglebutton" id="94">
				<width>300</width>
				<height>66</height>
				<font>Font33</font>
				<label>13277</label>
				<textcolor>$VAR[TextColor2]</textcolor>
				<focusedcolor>$VAR[TextColor1]</focusedcolor>
				<disabledcolor>$VAR[TextColor4]</disabledcolor>
			</control>
			<!-- Network -->
			<control type="button" id="96">
				<width>300</width>
				<height>66</height>
				<font>Font33</font>
				<label>13279</label>
				<textcolor>$VAR[TextColor2]</textcolor>
				<focusedcolor>$VAR[TextColor1]</focusedcolor>
				<disabledcolor>$VAR[TextColor4]</disabledcolor>
			</control>
			<!-- Video -->
			<control type="button" id="97">
				<width>300</width>
				<height>66</height>
				<font>Font33</font>
				<label>13280</label>
				<textcolor>$VAR[TextColor2]</textcolor>
				<focusedcolor>$VAR[TextColor1]</focusedcolor>
				<disabledcolor>$VAR[TextColor4]</disabledcolor>
			</control>
			<!-- Hardware -->
			<control type="button" id="98">
				<width>300</width>
				<height>66</height>
				<font>Font33</font>
				<label>13281</label>
				<textcolor>$VAR[TextColor2]</textcolor>
				<focusedcolor>$VAR[TextColor1]</focusedcolor>
				<disabledcolor>$VAR[TextColor4]</disabledcolor>
			</control>
			<!-- PVR -->
			<control type="button" id="99">
				<width>300</width>
				<height>66</height>
				<font>Font33</font>
				<label>19191</label>
				<textcolor>$VAR[TextColor2]</textcolor>
				<focusedcolor>$VAR[TextColor1]</focusedcolor>
				<disabledcolor>$VAR[TextColor4]</disabledcolor>
			</control>
			<!-- Privacy -->
			<control type="button" id="100">
				<width>300</width>
				<height>66</height>
				<font>Font33</font>
				<label>12389</label>
				<textcolor>$VAR[TextColor2]</textcolor>
				<focusedcolor>$VAR[TextColor1]</focusedcolor>
				<disabledcolor>$VAR[TextColor4]</disabledcolor>
			</control>

		</control>

		<control type="textbox" id="30">
			<left>550</left>
			<top>228</top>
			<width>1220</width>
			<height>650</height>
			<font>Font30</font>
			<textcolor>$VAR[TextColor2]</textcolor>
			<autoscroll delay="5000" time="1000" repeat="10000">True</autoscroll>
		</control>

		<!-- Default list -->
		<control type="grouplist" id="500">
			<left>550</left>
			<top>228</top>
			<width>1220</width>
			<height>660</height>
			<itemgap>0</itemgap>
			<onleft>50</onleft>
			<onright>noop</onright>
			<orientation>vertical</orientation>

			<control type="label" id="2">
				<width>1220</width>
				<height>50</height>
				<font>SystemInfo</font>
				<textcolor>$VAR[TextColor2]</textcolor>
				<aligny>top</aligny>
			</control>

			<control type="label" id="3">
				<width>1220</width>
				<height>50</height>
				<font>SystemInfo</font>
				<textcolor>$VAR[TextColor2]</textcolor>
				<aligny>top</aligny>
			</control>

			<control type="label" id="4">
				<width>1220</width>
				<height>50</height>
				<font>SystemInfo</font>
				<textcolor>$VAR[TextColor2]</textcolor>
				<aligny>top</aligny>
			</control>

			<control type="label" id="5">
				<width>1220</width>
				<height>50</height>
				<font>SystemInfo</font>
				<textcolor>$VAR[TextColor2]</textcolor>
				<aligny>top</aligny>
			</control>

			<control type="label" id="6">
				<width>1220</width>
				<height>50</height>
				<font>SystemInfo</font>
				<textcolor>$VAR[TextColor2]</textcolor>
				<aligny>top</aligny>
			</control>

			<control type="label" id="7">
				<width>1220</width>
				<height>50</height>
				<font>SystemInfo</font>
				<textcolor>$VAR[TextColor2]</textcolor>
				<aligny>top</aligny>
			</control>

			<control type="label" id="8">
				<width>1220</width>
				<height>50</height>
				<font>SystemInfo</font>
				<textcolor>$VAR[TextColor2]</textcolor>
				<aligny>top</aligny>
			</control>

			<control type="label" id="9">
				<width>1220</width>
				<height>50</height>
				<font>SystemInfo</font>
				<textcolor>$VAR[TextColor2]</textcolor>
				<aligny>top</aligny>
			</control>

			<control type="label" id="10">
				<width>1220</width>
				<height>50</height>
				<font>SystemInfo</font>
				<textcolor>$VAR[TextColor2]</textcolor>
				<aligny>top</aligny>
			</control>

			<control type="label" id="11">
				<width>1220</width>
				<height>50</height>
				<font>SystemInfo</font>
				<textcolor>$VAR[TextColor2]</textcolor>
				<aligny>top</aligny>
			</control>

			<control type="label" id="12">
				<width>1220</width>
				<height>50</height>
				<font>SystemInfo</font>
				<textcolor>$VAR[TextColor2]</textcolor>
				<aligny>top</aligny>
			</control>

		</control>

		<!-- XBMC info -->
		<control type="textbox">
			<left>910</left>
			<top>920</top>
			<width>970</width>
			<height>122</height>
			<label>$INFO[Control.GetLabel(52)][CR]$LOCALIZE[13271] $INFO[System.CPUUsage][CR]$LOCALIZE[31059] $INFO[system.memory(used.percent)]</label>
			<textcolor>$VAR[TextColor1]</textcolor>
			<align>right</align>
			<aligny>bottom</aligny>
		</control>

		<!-- Options -->
		<control type="group" id="9002">
			<control type="image">
				<include>FullscreenDimensions</include>
				<texture colordiffuse="$VAR[DarkenColor]">dialogs/DialogTextBackground.png</texture>
				<animation effect="fade" start="0" end="100" time="200">Visible</animation>
				<animation effect="fade" start="100" end="0" time="200">Hidden</animation>
				<visible>ControlGroup(9002).HasFocus</visible>
			</control>
			<control type="group">
				<left>-450</left>
				<top>0</top>
				<animation effect="slide" start="0,0" end="450,0" time="200" condition="ControlGroup(9002).HasFocus">Conditional</animation>
				<control type="button">
					<left>0</left>
					<top>0</top>
					<width>460</width>
					<height>1080</height>
				</control>

				<control type="image">
					<left>0</left>
					<top>0</top>
					<width>450</width>
					<height>1080</height>
					<texture colordiffuse="$VAR[OverlayColor]">dialogs/Background.png</texture>
				</control>

				<!-- Look controls -->
				<control type="grouplist" id="3001">
					<left>20</left>
					<top>0</top>
					<width>410</width>
					<height>1040</height>
					<onleft>50</onleft>
					<onright>50</onright>
					<scrolltime>200</scrolltime>
					<orientation>vertical</orientation>
					<itemgap>0</itemgap>
					<defaultcontrol always="true">99</defaultcontrol>

					<include content="SideMenuAnimation">
						<param name="containerID">3001</param>
					</include>

					<!-- Settings quick-nav -->
					<control type="button" id="190">
						<label>31074</label>
						<height>52</height>
						<onclick>ReplaceWindow(InterfaceSettings)</onclick>
						<texturefocus colordiffuse="$VAR[buttonfocus]">common/focus52.png</texturefocus>
					</control>
					<control type="button" id="191">
						<label>16003</label>
						<height>52</height>
						<onclick>ReplaceWindow(PlayerSettings)</onclick>
						<texturefocus colordiffuse="$VAR[buttonfocus]">common/focus52.png</texturefocus>
					</control>
					<control type="button" id="192">
						<label>14211</label>
						<height>52</height>
						<onclick>ReplaceWindow(MediaSettings)</onclick>
						<texturefocus colordiffuse="$VAR[buttonfocus]">common/focus52.png</texturefocus>
					</control>
					<control type="button" id="193">
						<label>31015</label>
						<height>52</height>
						<onclick>ReplaceWindow(PVRSettings)</onclick>
						<texturefocus colordiffuse="$VAR[buttonfocus]">common/focus52.png</texturefocus>
					</control>
					<control type="button" id="194">
						<label>13200</label>
						<height>52</height>
						<onclick>ReplaceWindow(Profiles)</onclick>
						<texturefocus colordiffuse="$VAR[buttonfocus]">common/focus52.png</texturefocus>
					</control>
					<control type="button" id="195">
						<label>14036</label>
						<height>52</height>
						<onclick>ReplaceWindow(ServiceSettings)</onclick>
						<texturefocus colordiffuse="$VAR[buttonfocus]">common/focus52.png</texturefocus>
					</control>
					<control type="button" id="196">
						<label>13000</label>
						<height>52</height>
						<onclick>ReplaceWindow(SystemSettings)</onclick>
						<texturefocus colordiffuse="$VAR[buttonfocus]">common/focus52.png</texturefocus>
					</control>
					<control type="button" id="197">
						<label>130</label>
						<height>52</height>
						<onclick>ReplaceWindow(SystemInfo)</onclick>
						<texturefocus colordiffuse="$VAR[buttonfocus]">common/focus52.png</texturefocus>
					</control>
				</control>
			</control>
		</control>

		<!-- Hidden label -->
		<control type="label" id="52">
			<font></font>
		</control>

	</controls>

</window>
