<?xml version="1.0" encoding="UTF-8"?>
<includes>

	<include name="Viewtype52">

		<control type="group">
			<visible>Control.IsVisible(52)</visible>

			<!-- Wide list -->
			<control type="fixedlist" id="52">
				<left>0</left>
				<top>120</top>
				<width>1920</width>
				<height>750</height>
				<onup condition="!Skin.HasSetting(KioskMode)">3001</onup>
				<ondown>61</ondown>
				<onleft>52</onleft>
				<onright>52</onright>
				<pagecontrol>61</pagecontrol>
				<preloaditems>4</preloaditems>
				<focusposition>3</focusposition>
				<orientation>horizontal</orientation>
				<viewtype label="539">list</viewtype>
				<scrolltime tween="sine" easing="out">240</scrolltime>
				<visible>Container.Content(movies) | Container.Content(tvshows) | Container.Content(seasons)</visible>

				<itemlayout width="253" height="666">
					<!-- Image - Movies -->
					<include content="image-52">
						<param name="fallback">DefaultMovie.png</param>
						<param name="visible">Container.Content(movies)</param>
					</include>
					<!-- Image - TV Shows -->
					<include content="image-52">
						<param name="fallback">DefaultTVShows.png</param>
						<param name="visible">!Container.Content(movies)</param>
					</include>
					<!-- Collection -->
					<control type="group">
						<left>14</left>
						<bottom>168</bottom>
						<width>49</width>
						<height>49</height>
						<visible>ListItem.IsCollection</visible>
						<control type="image">
							<texture background="true">views/OverlayCornerLeft.png</texture>
							<colordiffuse>$VAR[DiffusePosterNF]</colordiffuse>
						</control>
						<control type="image">
							<texture background="true">views/OverlayCollection.png</texture>
							<colordiffuse>$VAR[DiffusePosterNF]</colordiffuse>
						</control>
					</control>
					<!-- Watched status -->
					<control type="group">
						<right>14</right>
						<bottom>168</bottom>
						<width>49</width>
						<height>49</height>
						<visible>!ListItem.IsCollection</visible>
						<control type="image">
							<texture background="true">views/OverlayCornerRight.png</texture>
							<colordiffuse>$VAR[DiffusePosterNF]</colordiffuse>
							<visible>!ListItem.IsCollection + [[ListItem.IsFolder + Integer.IsGreater(ListItem.Property(WatchedEpisodes),0) + Integer.IsGreater(ListItem.Property(UnWatchedEpisodes),0)] | String.IsEqual(ListItem.Overlay,OverlayWatched.png) | ListItem.IsResumable | !String.IsEmpty(ListItem.PlayCount)]</visible>
						</control>
						<control type="image">
							<texture background="true">$VAR[StatusOverlayWide]</texture>
							<colordiffuse>$VAR[DiffusePosterNF]</colordiffuse>
						</control>
					</control>
				</itemlayout>

				<focusedlayout width="405" height="666">
					<control type="group">
						<animation effect="zoom" start="56" end="100" center="202,320" time="300" tween="back" easing="out" reversible="false">Focus</animation>
						<!-- Image - Movies -->
						<include content="image-52-focus">
							<param name="fallback">DefaultMovie.png</param>
							<param name="visible">Container.Content(movies)</param>
						</include>
						<!-- Image - TV Shows -->
						<include content="image-52-focus">
							<param name="fallback">DefaultTVShows.png</param>
							<param name="visible">!Container.Content(movies)</param>
						</include>
						<!-- Collection -->
						<control type="group">
							<left>0</left>
							<bottom>42</bottom>
							<width>88</width>
							<height>88</height>
							<fadetime>200</fadetime>
							<visible>ListItem.IsCollection</visible>
							<control type="image">
								<texture background="true">views/OverlayCornerLeft.png</texture>
							</control>
							<control type="image">
								<texture background="true">views/OverlayCollection.png</texture>
							</control>
						</control>
						<!-- Watched status -->
						<control type="group">
							<right>0</right>
							<bottom>42</bottom>
							<width>88</width>
							<height>88</height>
							<fadetime>200</fadetime>
							<visible>!ListItem.IsCollection</visible>
							<control type="image">
								<texture background="true">views/OverlayCornerRight.png</texture>
								<visible>[ListItem.IsFolder + Integer.IsGreater(ListItem.Property(WatchedEpisodes),0) + Integer.IsGreater(ListItem.Property(UnWatchedEpisodes),0)] | String.IsEqual(ListItem.Overlay,OverlayWatched.png) | ListItem.IsResumable | !String.IsEmpty(ListItem.PlayCount)</visible>
							</control>
							<control type="image">
								<texture background="true">$VAR[StatusOverlayWide]</texture>
							</control>
						</control>
					</control>
				</focusedlayout>

			</control>

			<control type="group">
				<centerleft>50%</centerleft>
				<top>800</top>
				<width>1920</width>
				<height>100</height>

				<!-- Title -->
				<control type="fadelabel">
					<left>120</left>
					<top>0</top>
					<width>1680</width>
					<height>72</height>
					<font>Font72</font>
					<align>center</align>
					<textcolor>$VAR[TextColor1]</textcolor>
					<label>$VAR[Label1]</label>
					<animation effect="fade" start="100" end="50" time="200" tween="cubic" easing="out" reversible="false" condition="!Control.HasFocus(52)">Conditional</animation>
				</control>

				<!-- Details -->
				<control type="fadelabel">
					<left>500</left>
					<top>88</top>
					<width>920</width>
					<height>54</height>
					<font>Font27</font>
					<align>center</align>
					<aligny>top</aligny>
					<label>$VAR[Label2]</label>
					<textcolor>$VAR[TextColor1]</textcolor>
					<animation effect="fade" start="100" end="50" time="200" tween="cubic" easing="out" reversible="false" condition="!Control.HasFocus(52)">Conditional</animation>
				</control>

			</control>

		</control>

	</include>

	<include name="image-52">
		<param name="fallback">DefaultVideos.png</param>
		<param name="visible">False</param>
		<definition>
			<control type="image">
				<bottom>168</bottom>
				<left>14</left>
				<width>225</width>
				<height>350</height>
				<colordiffuse>$VAR[DiffusePosterNF]</colordiffuse>
				<texture background="true" fallback="$PARAM[fallback]">$VAR[mediaImages]</texture>
				<aspectratio align="center" aligny="bottom">keep</aspectratio>
				<visible>$PARAM[visible]</visible>
			</control>
		</definition>
	</include>

	<include name="image-52-focus">
		<param name="fallback">DefaultVideos.png</param>
		<param name="visible">False</param>
		<definition>
			<control type="image">
				<bottom>42</bottom>
				<left>0</left>
				<width>405</width>
				<height>615</height>
				<texture background="true" fallback="$PARAM[fallback]">$VAR[mediaImages]</texture>
				<aspectratio align="center" aligny="bottom">keep</aspectratio>
				<visible>$PARAM[visible]</visible>
			</control>
		</definition>
	</include>

</includes>
